[
    {
        "contributors": null, 
        "coordinates": null, 
        "created_at": "Fri Apr 01 22:05:53 +0000 2011", 
        "favorited": false, 
        "geo": null, 
        "id": 53941178919424000, 
        "id_str": "53941178919424000", 
        "in_reply_to_screen_name": null, 
        "in_reply_to_status_id": null, 
        "in_reply_to_status_id_str": null, 
        "in_reply_to_user_id": null, 
        "in_reply_to_user_id_str": null, 
        "place": null, 
        "retweet_count": 0, 
        "retweeted": false, 
        "source": "web", 
        "text": "\u00e9 muito tarde pra voltar atras, pra te dar o que eu nao te dei...", 
        "truncated": false, 
        "user": {
            "contributors_enabled": false, 
            "created_at": "Fri Jan 08 22:58:29 +0000 2010", 
            "default_profile": false, 
            "default_profile_image": false, 
            "description": "Viver bem \u00e9 a melhor vingan\u00e7a!", 
            "favourites_count": 0, 
            "follow_request_sent": null, 
            "followers_count": 109, 
            "following": null, 
            "friends_count": 103, 
            "geo_enabled": false, 
            "id": 103110250, 
            "id_str": "103110250", 
            "is_translator": false, 
            "lang": "en", 
            "listed_count": 3, 
            "location": "Gravata\u00ed, RS", 
            "name": "Milene Magnus", 
            "notifications": null, 
            "profile_background_color": "000000", 
            "profile_background_image_url": "http://a2.twimg.com/profile_background_images/65470560/OgAAAOjJ_MppsYQZ5ZIFPzLf7QjT-5wgOmTemhq9qvahqFT9MRQm4559-uuhom6sKdKrrzRp-kCwdNM7xwZrzrB0OBUAm1T1UHgn-ESU4-sjIlzODnV77RH7AD4K.jpg", 
            "profile_background_tile": true, 
            "profile_image_url": "http://a3.twimg.com/profile_images/1284102622/OgAAAOl0wS1BtFRhzD_kOjFEXmCvi3AT66iEZDjGyDv93mMy8LsW29pEfoiwLVjd1iH1dLmNlYlXgkQRNvHQuWVCWisAm1T1UJ46Oi3Md00Fk5-wj9Qgqst-VXja_normal.jpg", 
            "profile_link_color": "340573", 
            "profile_sidebar_border_color": "d91a77", 
            "profile_sidebar_fill_color": "f24389", 
            "profile_text_color": "000000", 
            "profile_use_background_image": false, 
            "protected": false, 
            "screen_name": "milenemagnus_", 
            "show_all_inline_media": false, 
            "statuses_count": 4478, 
            "time_zone": "Greenland", 
            "url": null, 
            "utc_offset": -10800, 
            "verified": false
        }
    }, 
    {
        "contributors": null, 
        "coordinates": null, 
        "created_at": "Fri Apr 01 22:05:53 +0000 2011", 
        "favorited": false, 
        "geo": null, 
        "id": 53941178504192000, 
        "id_str": "53941178504192000", 
        "in_reply_to_screen_name": null, 
        "in_reply_to_status_id": null, 
        "in_reply_to_status_id_str": null, 
        "in_reply_to_user_id": null, 
        "in_reply_to_user_id_str": null, 
        "place": null, 
        "retweet_count": 0, 
        "retweeted": false, 
        "source": "web", 
        "text": "De los errores se aprende, no se lamenta.", 
        "truncated": false, 
        "user": {
            "contributors_enabled": false, 
            "created_at": "Wed Nov 10 05:07:00 +0000 2010", 
            "default_profile": false, 
            "default_profile_image": false, 
            "description": "T'estimo Bar\u00e7a. Viajar. Conocer el mundo, disfrutar cada segundo de la vida. English too", 
            "favourites_count": 0, 
            "follow_request_sent": null, 
            "followers_count": 62, 
            "following": null, 
            "friends_count": 623, 
            "geo_enabled": false, 
            "id": 213948055, 
            "id_str": "213948055", 
            "is_translator": false, 
            "lang": "en", 
            "listed_count": 0, 
            "location": "", 
            "name": "Andres", 
            "notifications": null, 
            "profile_background_color": "022330", 
            "profile_background_image_url": "http://a2.twimg.com/profile_background_images/197871070/andrespirate2.jpg", 
            "profile_background_tile": false, 
            "profile_image_url": "http://a1.twimg.com/profile_images/1164443389/andrespirate2_normal.jpg", 
            "profile_link_color": "0084B4", 
            "profile_sidebar_border_color": "a8c7f7", 
            "profile_sidebar_fill_color": "C0DFEC", 
            "profile_text_color": "333333", 
            "profile_use_background_image": true, 
            "protected": false, 
            "screen_name": "andrewsin7", 
            "show_all_inline_media": false, 
            "statuses_count": 513, 
            "time_zone": "Eastern Time (US & Canada)", 
            "url": null, 
            "utc_offset": -18000, 
            "verified": false
        }
    }, 
    {
        "contributors": null, 
        "coordinates": null, 
        "created_at": "Fri Apr 01 22:05:53 +0000 2011", 
        "favorited": false, 
        "geo": null, 
        "id": 53941177673728000, 
        "id_str": "53941177673728000", 
        "in_reply_to_screen_name": null, 
        "in_reply_to_status_id": null, 
        "in_reply_to_status_id_str": null, 
        "in_reply_to_user_id": null, 
        "in_reply_to_user_id_str": null, 
        "place": null, 
        "retweet_count": 0, 
        "retweeted": false, 
        "source": "web", 
        "text": "a #TaianeMello ta querendo me deixar maluco, so pode !!!", 
        "truncated": false, 
        "user": {
            "contributors_enabled": false, 
            "created_at": "Sat Oct 16 00:44:59 +0000 2010", 
            "default_profile": false, 
            "default_profile_image": false, 
            "description": "Estudante do MV1, tricolor ilustre ;p, jogador de futmesa e peladeiro do Petr\u00f4, quem me conhece, sabe exatamente como sou... ;D", 
            "favourites_count": 0, 
            "follow_request_sent": null, 
            "followers_count": 37, 
            "following": null, 
            "friends_count": 67, 
            "geo_enabled": false, 
            "id": 203317177, 
            "id_str": "203317177", 
            "is_translator": false, 
            "lang": "en", 
            "listed_count": 1, 
            "location": "Petropolis", 
            "name": "Bernardo Kochem", 
            "notifications": null, 
            "profile_background_color": "1A1B1F", 
            "profile_background_image_url": "http://a3.twimg.com/a/1300479984/images/themes/theme9/bg.gif", 
            "profile_background_tile": false, 
            "profile_image_url": "http://a3.twimg.com/profile_images/1279442404/S5030048_normal.JPG", 
            "profile_link_color": "2FC2EF", 
            "profile_sidebar_border_color": "181A1E", 
            "profile_sidebar_fill_color": "252429", 
            "profile_text_color": "666666", 
            "profile_use_background_image": true, 
            "protected": false, 
            "screen_name": "bekochem", 
            "show_all_inline_media": false, 
            "statuses_count": 198, 
            "time_zone": "Brasilia", 
            "url": null, 
            "utc_offset": -10800, 
            "verified": false
        }
    }, 
    {
        "contributors": null, 
        "coordinates": null, 
        "created_at": "Fri Apr 01 22:05:53 +0000 2011", 
        "favorited": false, 
        "geo": null, 
        "id": 53941176822272000, 
        "id_str": "53941176822272000", 
        "in_reply_to_screen_name": null, 
        "in_reply_to_status_id": null, 
        "in_reply_to_status_id_str": null, 
        "in_reply_to_user_id": null, 
        "in_reply_to_user_id_str": null, 
        "place": null, 
        "retweet_count": 0, 
        "retweeted": false, 
        "source": "<a href=\"http://seesmic.com/seesmic_desktop/sd2\" rel=\"nofollow\">Seesmic Desktop</a>", 
        "text": "/@TelegraphNews: Afghanistan UN murders: the worst possible incident for the US, Nato and the UN http://tgr.ph/gy5odP", 
        "truncated": false, 
        "user": {
            "contributors_enabled": false, 
            "created_at": "Tue Sep 22 18:16:32 +0000 2009", 
            "default_profile": true, 
            "default_profile_image": false, 
            "description": "Bringing you fast-paced, accurate news from across the country and around the world. 11 yr Air Force member.", 
            "favourites_count": 0, 
            "follow_request_sent": null, 
            "followers_count": 5462, 
            "following": null, 
            "friends_count": 3547, 
            "geo_enabled": false, 
            "id": 76405315, 
            "id_str": "76405315", 
            "is_translator": false, 
            "lang": "en", 
            "listed_count": 500, 
            "location": "Baton Rouge, LA", 
            "name": "Chris", 
            "notifications": null, 
            "profile_background_color": "C0DEED", 
            "profile_background_image_url": "http://a3.twimg.com/a/1301438647/images/themes/theme1/bg.png", 
            "profile_background_tile": false, 
            "profile_image_url": "http://a2.twimg.com/profile_images/760054127/twitterProfilePhoto_normal.jpg", 
            "profile_link_color": "0084B4", 
            "profile_sidebar_border_color": "C0DEED", 
            "profile_sidebar_fill_color": "DDEEF6", 
            "profile_text_color": "333333", 
            "profile_use_background_image": true, 
            "protected": false, 
            "screen_name": "TheNewsBlotter", 
            "show_all_inline_media": false, 
            "statuses_count": 169209, 
            "time_zone": "Central Time (US & Canada)", 
            "url": "http://thenewsblotter.blogspot.com/", 
            "utc_offset": -21600, 
            "verified": false
        }
    }, 
    {
        "contributors": null, 
        "coordinates": null, 
        "created_at": "Fri Apr 01 22:05:52 +0000 2011", 
        "favorited": false, 
        "geo": null, 
        "id": 53941174725120000, 
        "id_str": "53941174725120000", 
        "in_reply_to_screen_name": null, 
        "in_reply_to_status_id": null, 
        "in_reply_to_status_id_str": null, 
        "in_reply_to_user_id": null, 
        "in_reply_to_user_id_str": null, 
        "place": null, 
        "retweet_count": 0, 
        "retweeted": false, 
        "source": "<a href=\"http://ubersocial.com\" rel=\"nofollow\">\u00dcberSocial</a>", 
        "text": "Smt Even More Vex", 
        "truncated": false, 
        "user": {
            "contributors_enabled": false, 
            "created_at": "Thu Nov 05 05:18:49 +0000 2009", 
            "default_profile": false, 
            "default_profile_image": false, 
            "description": "$$ / \u2665 / Feisty / 15 / Mixxed\r\n\r\n#HH^ & #YME ^ Its A #YUMMM Tingg ! :P", 
            "favourites_count": 171, 
            "follow_request_sent": null, 
            "followers_count": 3938, 
            "following": null, 
            "friends_count": 3508, 
            "geo_enabled": true, 
            "id": 87621800, 
            "id_str": "87621800", 
            "is_translator": false, 
            "lang": "en", 
            "listed_count": 377, 
            "location": "Bittin @OGYUMBOY_IZZY Neck :-*", 
            "name": "\u2603RedROBBiNYUMMM", 
            "notifications": null, 
            "profile_background_color": "080101", 
            "profile_background_image_url": "http://a2.twimg.com/profile_background_images/222919284/101214-203703.jpg", 
            "profile_background_tile": true, 
            "profile_image_url": "http://a1.twimg.com/profile_images/1269458607/Picture_002_1__phixr_normal.jpg", 
            "profile_link_color": "000000", 
            "profile_sidebar_border_color": "f02ba8", 
            "profile_sidebar_fill_color": "ffffff", 
            "profile_text_color": "f527ad", 
            "profile_use_background_image": true, 
            "protected": false, 
            "screen_name": "16SinsAPRIL19th", 
            "show_all_inline_media": true, 
            "statuses_count": 123712, 
            "time_zone": "Hawaii", 
            "url": "http://plixi.com/RedRobbinYUMM", 
            "utc_offset": -36000, 
            "verified": false
        }
    }, 
    {
        "contributors": null, 
        "coordinates": null, 
        "created_at": "Fri Apr 01 22:05:52 +0000 2011", 
        "favorited": false, 
        "geo": null, 
        "id": 53941171906560000, 
        "id_str": "53941171906560000", 
        "in_reply_to_screen_name": null, 
        "in_reply_to_status_id": null, 
        "in_reply_to_status_id_str": null, 
        "in_reply_to_user_id": null, 
        "in_reply_to_user_id_str": null, 
        "place": null, 
        "retweet_count": 0, 
        "retweeted": false, 
        "source": "web", 
        "text": "earphones in, @justinbieber on full blast, tub of ben and jerrys, block out the world. perfect", 
        "truncated": false, 
        "user": {
            "contributors_enabled": false, 
            "created_at": "Sun Dec 19 22:10:31 +0000 2010", 
            "default_profile": false, 
            "default_profile_image": false, 
            "description": "be yourself and #dreambig .. 28/03/11 PATTIE RT ME! 23/3/11 #myworldtour @justinbieber, best night ever! family and friends mean the world\u2665.", 
            "favourites_count": 0, 
            "follow_request_sent": null, 
            "followers_count": 253, 
            "following": null, 
            "friends_count": 396, 
            "geo_enabled": false, 
            "id": 228496430, 
            "id_str": "228496430", 
            "is_translator": false, 
            "lang": "en", 
            "listed_count": 1, 
            "location": "england", 
            "name": "ellisJB", 
            "notifications": null, 
            "profile_background_color": "8dcfe3", 
            "profile_background_image_url": "http://a0.twimg.com/profile_background_images/223151550/twitter.jpg", 
            "profile_background_tile": true, 
            "profile_image_url": "http://a3.twimg.com/profile_images/1290422336/JUSTIN_BIEBER2_normal.jpg", 
            "profile_link_color": "0c00b3", 
            "profile_sidebar_border_color": "030405", 
            "profile_sidebar_fill_color": "14e0e0", 
            "profile_text_color": "c918c9", 
            "profile_use_background_image": true, 
            "protected": false, 
            "screen_name": "ellisbetx", 
            "show_all_inline_media": false, 
            "statuses_count": 537, 
            "time_zone": null, 
            "url": null, 
            "utc_offset": null, 
            "verified": false
        }
    }, 
    {
        "contributors": null, 
        "coordinates": {
            "coordinates": [
                3.851304, 
                7.341991
            ], 
            "type": "Point"
        }, 
        "created_at": "Fri Apr 01 22:05:51 +0000 2011", 
        "favorited": false, 
        "geo": {
            "coordinates": [
                7.341991, 
                3.851304
            ], 
            "type": "Point"
        }, 
        "id": 53941170006528000, 
        "id_str": "53941170006528000", 
        "in_reply_to_screen_name": null, 
        "in_reply_to_status_id": null, 
        "in_reply_to_status_id_str": null, 
        "in_reply_to_user_id": null, 
        "in_reply_to_user_id_str": null, 
        "place": null, 
        "retweet_count": 0, 
        "retweeted": false, 
        "source": "<a href=\"http://ubersocial.com\" rel=\"nofollow\">\u00dcberSocial</a>", 
        "text": "E nevr kill yu..onpe RT @Adelajjj: Lwkm RT @koonley: Hehehe..e don pain am *tongue out* RT @Adelajjj: Mtscheeew...I ... http://tmi.me/8mBld", 
        "truncated": false, 
        "user": {
            "contributors_enabled": false, 
            "created_at": "Sun May 02 11:02:11 +0000 2010", 
            "default_profile": false, 
            "default_profile_image": false, 
            "description": "Ask and yu shall know...", 
            "favourites_count": 1, 
            "follow_request_sent": null, 
            "followers_count": 41, 
            "following": null, 
            "friends_count": 112, 
            "geo_enabled": true, 
            "id": 139362670, 
            "id_str": "139362670", 
            "is_translator": false, 
            "lang": "en", 
            "listed_count": 0, 
            "location": "\u00dcT: 7.341991,3.851304", 
            "name": "Kunle Raji", 
            "notifications": null, 
            "profile_background_color": "8B542B", 
            "profile_background_image_url": "http://a3.twimg.com/profile_background_images/125323899/051.jpg", 
            "profile_background_tile": true, 
            "profile_image_url": "http://a0.twimg.com/profile_images/1288807458/278767158_normal.jpg", 
            "profile_link_color": "9D582E", 
            "profile_sidebar_border_color": "D9B17E", 
            "profile_sidebar_fill_color": "EADEAA", 
            "profile_text_color": "333333", 
            "profile_use_background_image": true, 
            "protected": false, 
            "screen_name": "koonley", 
            "show_all_inline_media": false, 
            "statuses_count": 594, 
            "time_zone": "Pacific Time (US & Canada)", 
            "url": null, 
            "utc_offset": -28800, 
            "verified": false
        }
    }, 
    {
        "contributors": null, 
        "coordinates": null, 
        "created_at": "Fri Apr 01 22:05:51 +0000 2011", 
        "favorited": false, 
        "geo": null, 
        "id": 53941169373184000, 
        "id_str": "53941169373184000", 
        "in_reply_to_screen_name": null, 
        "in_reply_to_status_id": null, 
        "in_reply_to_status_id_str": null, 
        "in_reply_to_user_id": null, 
        "in_reply_to_user_id_str": null, 
        "place": null, 
        "retweet_count": 0, 
        "retweeted": false, 
        "source": "web", 
        "text": "eu sou completamente apaixonada pela voz e pelo cantor do panic at the disco *o*", 
        "truncated": false, 
        "user": {
            "contributors_enabled": false, 
            "created_at": "Mon Jul 27 15:33:37 +0000 2009", 
            "default_profile": false, 
            "default_profile_image": false, 
            "description": "Tayna Pinheiro Bernardino , Amazonense, 14 anos aquariana, viciada em twitter,chocolate,musica,tumblr s2", 
            "favourites_count": 371, 
            "follow_request_sent": null, 
            "followers_count": 2012, 
            "following": null, 
            "friends_count": 1714, 
            "geo_enabled": true, 
            "id": 60626790, 
            "id_str": "60626790", 
            "is_translator": false, 
            "lang": "en", 
            "listed_count": 231, 
            "location": "Manaus - Am", 
            "name": "tayna bernardino", 
            "notifications": null, 
            "profile_background_color": "09020f", 
            "profile_background_image_url": "http://a3.twimg.com/profile_background_images/223296260/000000_dream-of-love.gif", 
            "profile_background_tile": true, 
            "profile_image_url": "http://a3.twimg.com/profile_images/1265953164/17012011670_normal.jpg", 
            "profile_link_color": "f0719b", 
            "profile_sidebar_border_color": "105559", 
            "profile_sidebar_fill_color": "f0e8ed", 
            "profile_text_color": "28d8f7", 
            "profile_use_background_image": true, 
            "protected": false, 
            "screen_name": "taynabernardino", 
            "show_all_inline_media": false, 
            "statuses_count": 57319, 
            "time_zone": "Brasilia", 
            "url": "http://taynabernardino.tumblr.com/", 
            "utc_offset": -10800, 
            "verified": false
        }
    }, 
    {
        "contributors": null, 
        "coordinates": null, 
        "created_at": "Fri Apr 01 22:05:51 +0000 2011", 
        "favorited": false, 
        "geo": null, 
        "id": 53941168848896000, 
        "id_str": "53941168848896000", 
        "in_reply_to_screen_name": null, 
        "in_reply_to_status_id": null, 
        "in_reply_to_status_id_str": null, 
        "in_reply_to_user_id": null, 
        "in_reply_to_user_id_str": null, 
        "place": null, 
        "retweet_count": 0, 
        "retweeted": false, 
        "source": "web", 
        "text": "today is friday", 
        "truncated": false, 
        "user": {
            "contributors_enabled": false, 
            "created_at": "Mon Jun 21 00:44:29 +0000 2010", 
            "default_profile": false, 
            "default_profile_image": true, 
            "description": null, 
            "favourites_count": 0, 
            "follow_request_sent": null, 
            "followers_count": 14, 
            "following": null, 
            "friends_count": 22, 
            "geo_enabled": false, 
            "id": 157823751, 
            "id_str": "157823751", 
            "is_translator": false, 
            "lang": "en", 
            "listed_count": 0, 
            "location": null, 
            "name": "Jordana", 
            "notifications": null, 
            "profile_background_color": "FF6699", 
            "profile_background_image_url": "http://a3.twimg.com/a/1301071706/images/themes/theme11/bg.gif", 
            "profile_background_tile": true, 
            "profile_image_url": "http://a2.twimg.com/sticky/default_profile_images/default_profile_1_normal.png", 
            "profile_link_color": "B40B43", 
            "profile_sidebar_border_color": "CC3366", 
            "profile_sidebar_fill_color": "E5507E", 
            "profile_text_color": "362720", 
            "profile_use_background_image": true, 
            "protected": false, 
            "screen_name": "_johlopes", 
            "show_all_inline_media": false, 
            "statuses_count": 173, 
            "time_zone": null, 
            "url": null, 
            "utc_offset": null, 
            "verified": false
        }
    }, 
    {
        "contributors": null, 
        "coordinates": null, 
        "created_at": "Fri Apr 01 22:05:50 +0000 2011", 
        "favorited": false, 
        "geo": null, 
        "id": 53941166554624000, 
        "id_str": "53941166554624000", 
        "in_reply_to_screen_name": null, 
        "in_reply_to_status_id": null, 
        "in_reply_to_status_id_str": null, 
        "in_reply_to_user_id": null, 
        "in_reply_to_user_id_str": null, 
        "place": null, 
        "retweet_count": 0, 
        "retweeted": false, 
        "source": "web", 
        "text": "Meu quarto est\u00e1 daquele jeito...todo bagun\u00e7ado...rsrsrsrs", 
        "truncated": false, 
        "user": {
            "contributors_enabled": false, 
            "created_at": "Sat Aug 22 01:21:12 +0000 2009", 
            "default_profile": false, 
            "default_profile_image": false, 
            "description": "Menina; Mulher; Pedagoga; S\u00e3o Paulina; Pagodeira; Apaixonada; Diferente e engra\u00e7ada!", 
            "favourites_count": 2, 
            "follow_request_sent": null, 
            "followers_count": 267, 
            "following": null, 
            "friends_count": 460, 
            "geo_enabled": true, 
            "id": 67776575, 
            "id_str": "67776575", 
            "is_translator": false, 
            "lang": "en", 
            "listed_count": 14, 
            "location": "S\u00e3o Paulo", 
            "name": "Luisa", 
            "notifications": null, 
            "profile_background_color": "c773d4", 
            "profile_background_image_url": "http://a0.twimg.com/profile_background_images/223646472/cora__o_quebrado.jpg", 
            "profile_background_tile": true, 
            "profile_image_url": "http://a2.twimg.com/profile_images/1289430825/047_normal.JPG", 
            "profile_link_color": "f01de2", 
            "profile_sidebar_border_color": "6058c9", 
            "profile_sidebar_fill_color": "", 
            "profile_text_color": "ff4ced", 
            "profile_use_background_image": true, 
            "protected": false, 
            "screen_name": "Negah_Luhh", 
            "show_all_inline_media": false, 
            "statuses_count": 15080, 
            "time_zone": "Brasilia", 
            "url": "http://www.meadiciona.com/lulibispo", 
            "utc_offset": -10800, 
            "verified": false
        }
    }, 
    {
        "contributors": null, 
        "coordinates": null, 
        "created_at": "Fri Apr 01 22:05:50 +0000 2011", 
        "favorited": false, 
        "geo": null, 
        "id": 53941165178880000, 
        "id_str": "53941165178880000", 
        "in_reply_to_screen_name": null, 
        "in_reply_to_status_id": null, 
        "in_reply_to_status_id_str": null, 
        "in_reply_to_user_id": null, 
        "in_reply_to_user_id_str": null, 
        "place": null, 
        "retweet_count": 0, 
        "retweeted": false, 
        "source": "<a href=\"http://tinychat.com\" rel=\"nofollow\">Tinychat Connector</a>", 
        "text": "Hey check out this vid chat room with 40 people in it - http://tinychat.com/justanteenager  [http://tinychat.com]", 
        "truncated": false, 
        "user": {
            "contributors_enabled": false, 
            "created_at": "Sun Jun 20 18:06:05 +0000 2010", 
            "default_profile": true, 
            "default_profile_image": true, 
            "description": null, 
            "favourites_count": 0, 
            "follow_request_sent": null, 
            "followers_count": 2, 
            "following": null, 
            "friends_count": 29, 
            "geo_enabled": false, 
            "id": 157731697, 
            "id_str": "157731697", 
            "is_translator": false, 
            "lang": "en", 
            "listed_count": 0, 
            "location": null, 
            "name": "funguy", 
            "notifications": null, 
            "profile_background_color": "C0DEED", 
            "profile_background_image_url": "http://a3.twimg.com/a/1301438647/images/themes/theme1/bg.png", 
            "profile_background_tile": false, 
            "profile_image_url": "http://a1.twimg.com/sticky/default_profile_images/default_profile_4_normal.png", 
            "profile_link_color": "0084B4", 
            "profile_sidebar_border_color": "C0DEED", 
            "profile_sidebar_fill_color": "DDEEF6", 
            "profile_text_color": "333333", 
            "profile_use_background_image": true, 
            "protected": false, 
            "screen_name": "betageta3", 
            "show_all_inline_media": false, 
            "statuses_count": 785, 
            "time_zone": null, 
            "url": null, 
            "utc_offset": null, 
            "verified": false
        }
    }, 
    {
        "contributors": null, 
        "coordinates": null, 
        "created_at": "Fri Apr 01 22:05:50 +0000 2011", 
        "favorited": false, 
        "geo": null, 
        "id": 53941163824128000, 
        "id_str": "53941163824128000", 
        "in_reply_to_screen_name": null, 
        "in_reply_to_status_id": null, 
        "in_reply_to_status_id_str": null, 
        "in_reply_to_user_id": null, 
        "in_reply_to_user_id_str": null, 
        "place": null, 
        "retweet_count": 0, 
        "retweeted": false, 
        "source": "<a href=\"http://blackberry.com/twitter\" rel=\"nofollow\">Twitter for BlackBerry\u00ae</a>", 
        "text": "\"@ajc: Speaking of jobs ~&gt;RT @ajcads: PCI nurses in demand @ DeKalb Medical. Unit opening soon. $4K bonus. Apply now http://bit.ly/gtlDJv\"", 
        "truncated": false, 
        "user": {
            "contributors_enabled": false, 
            "created_at": "Mon Nov 01 02:01:12 +0000 2010", 
            "default_profile": false, 
            "default_profile_image": false, 
            "description": "I AM what I WILL to be...Fabulous, A Legend, A Mogul!I AM a Daughter, Sister, Friend, Educator, Entrepreneur, Advocate, Motivated Mommy on the Move to the TOP! ", 
            "favourites_count": 0, 
            "follow_request_sent": null, 
            "followers_count": 131, 
            "following": null, 
            "friends_count": 191, 
            "geo_enabled": false, 
            "id": 210680272, 
            "id_str": "210680272", 
            "is_translator": false, 
            "lang": "en", 
            "listed_count": 4, 
            "location": "Atlanta...NetWORKing Globally ", 
            "name": "Melissa Waller", 
            "notifications": null, 
            "profile_background_color": "A6DF40", 
            "profile_background_image_url": "http://a3.twimg.com/profile_background_images/168952582/xca551120f1d7a81c4e220859fe5d0f6.png", 
            "profile_background_tile": true, 
            "profile_image_url": "http://a1.twimg.com/profile_images/1259137345/FacebookHomescreenImage_normal.jpg", 
            "profile_link_color": "FFFFFF", 
            "profile_sidebar_border_color": "FF7E00", 
            "profile_sidebar_fill_color": "51C7E6", 
            "profile_text_color": "FA2676", 
            "profile_use_background_image": true, 
            "protected": false, 
            "screen_name": "mommiepreneur", 
            "show_all_inline_media": false, 
            "statuses_count": 1196, 
            "time_zone": "Quito", 
            "url": null, 
            "utc_offset": -18000, 
            "verified": false
        }
    }, 
    {
        "contributors": null, 
        "coordinates": null, 
        "created_at": "Fri Apr 01 22:05:49 +0000 2011", 
        "favorited": false, 
        "geo": null, 
        "id": 53941162142208000, 
        "id_str": "53941162142208000", 
        "in_reply_to_screen_name": null, 
        "in_reply_to_status_id": null, 
        "in_reply_to_status_id_str": null, 
        "in_reply_to_user_id": null, 
        "in_reply_to_user_id_str": null, 
        "place": null, 
        "retweet_count": 0, 
        "retweeted": false, 
        "source": "web", 
        "text": "s\u00f3 que o nome dele \u00e9 Phillipe KKKKKKKKKKK a\u00ed ele tava bebendo \u00e1gua, a\u00ed minha amg esqueceu e chamou ele de L\u00e9o. Ficamos rindo 53457454 horas!", 
        "truncated": false, 
        "user": {
            "contributors_enabled": false, 
            "created_at": "Mon Jan 31 20:42:31 +0000 2011", 
            "default_profile": false, 
            "default_profile_image": false, 
            "description": "te amarei de Janeiro a Janeiro, at\u00e9 o mundo acabar, @whoiscarlos \u2665 Atualizado por: @jufact. Desde: 10/02/2011 =]", 
            "favourites_count": 23, 
            "follow_request_sent": null, 
            "followers_count": 289, 
            "following": null, 
            "friends_count": 171, 
            "geo_enabled": false, 
            "id": 245495210, 
            "id_str": "245495210", 
            "is_translator": false, 
            "lang": "en", 
            "listed_count": 8, 
            "location": "Quarto do Carlos :9 #rawr", 
            "name": "twitf\u00e3 Carlos", 
            "notifications": null, 
            "profile_background_color": "e8e8e8", 
            "profile_background_image_url": "http://a0.twimg.com/profile_background_images/213555594/carlosx.png", 
            "profile_background_tile": false, 
            "profile_image_url": "http://a3.twimg.com/profile_images/1288424435/coelho_Carlos_normal.jpg", 
            "profile_link_color": "84d7f0", 
            "profile_sidebar_border_color": "f7f7f7", 
            "profile_sidebar_fill_color": "", 
            "profile_text_color": "100112", 
            "profile_use_background_image": true, 
            "protected": false, 
            "screen_name": "ManiacasCarlos", 
            "show_all_inline_media": false, 
            "statuses_count": 6526, 
            "time_zone": "Greenland", 
            "url": "http://twitpic.com/photos/ManiacasCarlos", 
            "utc_offset": -10800, 
            "verified": false
        }
    }, 
    {
        "contributors": null, 
        "coordinates": null, 
        "created_at": "Fri Apr 01 22:05:49 +0000 2011", 
        "favorited": false, 
        "geo": null, 
        "id": 53941161617920000, 
        "id_str": "53941161617920000", 
        "in_reply_to_screen_name": null, 
        "in_reply_to_status_id": null, 
        "in_reply_to_status_id_str": null, 
        "in_reply_to_user_id": null, 
        "in_reply_to_user_id_str": null, 
        "place": null, 
        "retweet_count": 0, 
        "retweeted": false, 
        "source": "<a href=\"http://twicca.r246.jp/\" rel=\"nofollow\">twicca</a>", 
        "text": "\u304a\u306f\u3088\u3046\u3054\u3056\u3044\u307e\u3059", 
        "truncated": false, 
        "user": {
            "contributors_enabled": false, 
            "created_at": "Tue Oct 06 12:15:55 +0000 2009", 
            "default_profile": false, 
            "default_profile_image": false, 
            "description": "\u666e\u6bb5\u306f\u4e00\u822c\u4eba\u306e\u76ae\u3092\u88ab\u308a\u3064\u3064\u3082\u4e8c\u6b21\u5143\u304c\u306a\u3044\u3068\u751f\u304d\u3089\u308c\u306a\u3044\u30c0\u30e1\u306a\u793e\u4f1a\u4eba\u3002\u57fa\u672c\u7684\u306b\u5fc3\u306e\u5e95\u304b\u3089\u30f2\u30bf\u305d\u3057\u3066\u8150\u3067\u3059\u3002GODEATER\u3068DDFF\u306b\u840c\u3048\u308b\u65e5\u3005\u3002Drrr\u3068\u304bAPH\u3082\u5927\u597d\u304d\u3067\u3059\u3002\u30aa\u30d5\u3067\u306fBASARA\u3067\u6d3b\u52d5\u4e2d\u3001\u3067\u30823\u306f\u3084\u3063\u3066\u307e\u305b\u3093\u3002\u30b5\u30a4\u30c8\u3067\u306f\u7537\u4e3b\u5922\u5c0f\u8aac\u3068\u304b\u66f8\u3044\u3066\u307e\u3059\u3088\u3002\u30d5\u30a9\u30ed\u30fb\u30ea\u30e0\u304a\u6c17\u8efd\u306b\u30c9\u30be\u30fc\u3002", 
            "favourites_count": 10, 
            "follow_request_sent": null, 
            "followers_count": 54, 
            "following": null, 
            "friends_count": 42, 
            "geo_enabled": false, 
            "id": 80286573, 
            "id_str": "80286573", 
            "is_translator": false, 
            "lang": "ja", 
            "listed_count": 4, 
            "location": "\u307f\u3084\u304e\u3051\u3093\u306e\u771f\u3093\u4e2d\u3078\u3093", 
            "name": "\u3055\u304b\u304d", 
            "notifications": null, 
            "profile_background_color": "131516", 
            "profile_background_image_url": "http://a0.twimg.com/profile_background_images/62047302/dot_11.gif", 
            "profile_background_tile": true, 
            "profile_image_url": "http://a2.twimg.com/profile_images/1289192557/profile_normal.png", 
            "profile_link_color": "009999", 
            "profile_sidebar_border_color": "eeeeee", 
            "profile_sidebar_fill_color": "efefef", 
            "profile_text_color": "333333", 
            "profile_use_background_image": true, 
            "protected": false, 
            "screen_name": "sa_kaki", 
            "show_all_inline_media": false, 
            "statuses_count": 9636, 
            "time_zone": "Tokyo", 
            "url": "http://mega36.sakura.ne.jp/", 
            "utc_offset": 32400, 
            "verified": false
        }
    }, 
    {
        "contributors": null, 
        "coordinates": null, 
        "created_at": "Fri Apr 01 22:05:49 +0000 2011", 
        "favorited": false, 
        "geo": null, 
        "id": 53941160678400000, 
        "id_str": "53941160678400000", 
        "in_reply_to_screen_name": null, 
        "in_reply_to_status_id": null, 
        "in_reply_to_status_id_str": null, 
        "in_reply_to_user_id": null, 
        "in_reply_to_user_id_str": null, 
        "place": null, 
        "retweet_count": 0, 
        "retweeted": false, 
        "source": "web", 
        "text": "nossa, quero ir pra algum lugar amanha, n\u00e3o aguento ter q ficar em casa com a minha tia e a minha v\u00f3 juntas", 
        "truncated": false, 
        "user": {
            "contributors_enabled": false, 
            "created_at": "Wed Jan 06 19:51:33 +0000 2010", 
            "default_profile": false, 
            "default_profile_image": false, 
            "description": "eu gosto de texugos ,guaxinins e suricatos .e voc\u00ea ? :3", 
            "favourites_count": 2, 
            "follow_request_sent": null, 
            "followers_count": 199, 
            "following": null, 
            "friends_count": 191, 
            "geo_enabled": true, 
            "id": 102462023, 
            "id_str": "102462023", 
            "is_translator": false, 
            "lang": "en", 
            "listed_count": 2, 
            "location": "", 
            "name": "Natalia xD", 
            "notifications": null, 
            "profile_background_color": "000000", 
            "profile_background_image_url": "http://a3.twimg.com/profile_background_images/190709748/knuckle.png", 
            "profile_background_tile": true, 
            "profile_image_url": "http://a0.twimg.com/profile_images/1241787503/Foto0376_normal.jpg", 
            "profile_link_color": "000000", 
            "profile_sidebar_border_color": "ffffff", 
            "profile_sidebar_fill_color": "ffffff", 
            "profile_text_color": "000000", 
            "profile_use_background_image": true, 
            "protected": false, 
            "screen_name": "mantegavoadora", 
            "show_all_inline_media": false, 
            "statuses_count": 1527, 
            "time_zone": "Greenland", 
            "url": "http://www.formspring.me/Naahty", 
            "utc_offset": -10800, 
            "verified": false
        }
    }, 
    {
        "contributors": null, 
        "coordinates": null, 
        "created_at": "Fri Apr 01 22:05:49 +0000 2011", 
        "favorited": false, 
        "geo": null, 
        "id": 53941159411712000, 
        "id_str": "53941159411712000", 
        "in_reply_to_screen_name": null, 
        "in_reply_to_status_id": null, 
        "in_reply_to_status_id_str": null, 
        "in_reply_to_user_id": null, 
        "in_reply_to_user_id_str": null, 
        "place": null, 
        "retweet_count": 0, 
        "retweeted": false, 
        "source": "<a href=\"http://www.google.com/support/youtube/bin/answer.py?hl=en&answer=164577\" rel=\"nofollow\">Google</a>", 
        "text": "Des petits Ours de l'Himalaya http://goo.gl/fb/Oyjv0", 
        "truncated": false, 
        "user": {
            "contributors_enabled": false, 
            "created_at": "Sat Jun 26 21:28:16 +0000 2010", 
            "default_profile": false, 
            "default_profile_image": false, 
            "description": "", 
            "favourites_count": 0, 
            "follow_request_sent": null, 
            "followers_count": 78, 
            "following": null, 
            "friends_count": 210, 
            "geo_enabled": false, 
            "id": 159981295, 
            "id_str": "159981295", 
            "is_translator": false, 
            "lang": "fr", 
            "listed_count": 0, 
            "location": "", 
            "name": "hapatchan", 
            "notifications": null, 
            "profile_background_color": "9AE4E8", 
            "profile_background_image_url": "http://a0.twimg.com/a/1300401069/images/themes/theme16/bg.gif", 
            "profile_background_tile": false, 
            "profile_image_url": "http://a1.twimg.com/profile_images/1027264665/bo3ou_normal.jpg", 
            "profile_link_color": "0084B4", 
            "profile_sidebar_border_color": "BDDCAD", 
            "profile_sidebar_fill_color": "DDFFCC", 
            "profile_text_color": "333333", 
            "profile_use_background_image": true, 
            "protected": false, 
            "screen_name": "hapatchan", 
            "show_all_inline_media": false, 
            "statuses_count": 603, 
            "time_zone": "Greenland", 
            "url": "http://www.hapatchan.blogspot.com/", 
            "utc_offset": -10800, 
            "verified": false
        }
    }, 
    {
        "contributors": null, 
        "coordinates": null, 
        "created_at": "Fri Apr 01 22:05:49 +0000 2011", 
        "favorited": false, 
        "geo": null, 
        "id": 53941159105536000, 
        "id_str": "53941159105536000", 
        "in_reply_to_screen_name": null, 
        "in_reply_to_status_id": null, 
        "in_reply_to_status_id_str": null, 
        "in_reply_to_user_id": null, 
        "in_reply_to_user_id_str": null, 
        "place": null, 
        "retweet_count": 0, 
        "retweeted": false, 
        "source": "web", 
        "text": "85 \u2013 \u00c0s vezes deixo de me aproximar de pessoas, por medo de perd\u00ea-las. (no sentido da morte), chega a ser paran\u00f3ia. #100factsaboutme", 
        "truncated": false, 
        "user": {
            "contributors_enabled": false, 
            "created_at": "Thu Jan 21 23:23:45 +0000 2010", 
            "default_profile": false, 
            "default_profile_image": false, 
            "description": "16 anos. Ciumento, exagerado, curioso, atrapalhado, medroso. Apaixonado por Atua\u00e7\u00e3o e Psicologia. N\u00e3o mudarei, tentando te impressionar. I Belong to Jesus! \u2665", 
            "favourites_count": 5, 
            "follow_request_sent": null, 
            "followers_count": 426, 
            "following": null, 
            "friends_count": 96, 
            "geo_enabled": true, 
            "id": 107240071, 
            "id_str": "107240071", 
            "is_translator": false, 
            "lang": "es", 
            "listed_count": 124, 
            "location": "Catanduva - S\u00e3o Paulo", 
            "name": "Erik William Lopes", 
            "notifications": null, 
            "profile_background_color": "ffffff", 
            "profile_background_image_url": "http://a1.twimg.com/profile_background_images/221771443/bg.png", 
            "profile_background_tile": true, 
            "profile_image_url": "http://a2.twimg.com/profile_images/1199593805/CIMG0150_normal.JPG", 
            "profile_link_color": "78093b", 
            "profile_sidebar_border_color": "0d0000", 
            "profile_sidebar_fill_color": "DDEEF6", 
            "profile_text_color": "000000", 
            "profile_use_background_image": true, 
            "protected": false, 
            "screen_name": "_ErikLopes", 
            "show_all_inline_media": false, 
            "statuses_count": 26762, 
            "time_zone": "Greenland", 
            "url": "http://meadiciona.com/erikwiil", 
            "utc_offset": -10800, 
            "verified": false
        }
    }, 
    {
        "contributors": null, 
        "coordinates": null, 
        "created_at": "Fri Apr 01 22:05:48 +0000 2011", 
        "favorited": false, 
        "geo": null, 
        "id": 53941158166016000, 
        "id_str": "53941158166016000", 
        "in_reply_to_screen_name": null, 
        "in_reply_to_status_id": null, 
        "in_reply_to_status_id_str": null, 
        "in_reply_to_user_id": null, 
        "in_reply_to_user_id_str": null, 
        "place": null, 
        "retweet_count": 0, 
        "retweeted": false, 
        "source": "<a href=\"http://twitterfeed.com\" rel=\"nofollow\">twitterfeed</a>", 
        "text": "Home Depot Tries Crowdsourced Philanthropy on Facebook http://bit.ly/i5Meip #news #socialmedia", 
        "truncated": false, 
        "user": {
            "contributors_enabled": false, 
            "created_at": "Sun Sep 20 05:11:03 +0000 2009", 
            "default_profile": true, 
            "default_profile_image": false, 
            "description": "Your real-time source for social media jobs in San Francisco and social media news.", 
            "favourites_count": 0, 
            "follow_request_sent": null, 
            "followers_count": 1211, 
            "following": null, 
            "friends_count": 0, 
            "geo_enabled": false, 
            "id": 75725191, 
            "id_str": "75725191", 
            "is_translator": false, 
            "lang": "en", 
            "listed_count": 20, 
            "location": "San Francisco, CA", 
            "name": "JobShoots", 
            "notifications": null, 
            "profile_background_color": "C0DEED", 
            "profile_background_image_url": "http://a3.twimg.com/a/1300991299/images/themes/theme1/bg.png", 
            "profile_background_tile": false, 
            "profile_image_url": "http://a1.twimg.com/profile_images/425265269/10431_156500280258_156499820258_4034514_6686001_n_normal.jpg", 
            "profile_link_color": "0084B4", 
            "profile_sidebar_border_color": "C0DEED", 
            "profile_sidebar_fill_color": "DDEEF6", 
            "profile_text_color": "333333", 
            "profile_use_background_image": true, 
            "protected": false, 
            "screen_name": "sfsmjobshoot", 
            "show_all_inline_media": false, 
            "statuses_count": 52111, 
            "time_zone": "Pacific Time (US & Canada)", 
            "url": "http://www.jobshoots.com", 
            "utc_offset": -28800, 
            "verified": false
        }
    }, 
    {
        "contributors": null, 
        "coordinates": null, 
        "created_at": "Fri Apr 01 22:05:48 +0000 2011", 
        "favorited": false, 
        "geo": null, 
        "id": 53941157838848000, 
        "id_str": "53941157838848000", 
        "in_reply_to_screen_name": null, 
        "in_reply_to_status_id": null, 
        "in_reply_to_status_id_str": null, 
        "in_reply_to_user_id": null, 
        "in_reply_to_user_id_str": null, 
        "place": null, 
        "retweet_count": 0, 
        "retweeted": false, 
        "source": "<a href=\"http://jigtwi.jp/?p=1\" rel=\"nofollow\">jigtwi</a>", 
        "text": "\u306a\u3093\u304b\u6674\u308c\u3068\u308b\u3002\u3067\u3082\u5929\u6c17\u4e88\u5831\u306f\u96ea\u3063\u3066\u3069\u3046\u3044\u3046\u3053\u3068\u30fc", 
        "truncated": false, 
        "user": {
            "contributors_enabled": false, 
            "created_at": "Mon Jul 19 06:48:54 +0000 2010", 
            "default_profile": false, 
            "default_profile_image": false, 
            "description": "\u30c1\u30ad\u30f3\u30cf\u30fc\u30c8\u306a\u8150\u5973\u5b50\u3067\u3059\u3002\u65e5\u5e38post\u304c\u591a\u3081\u3002\u9375\u306f\u30ea\u30a2\u53cb\u5bfe\u7b56(\u7b11)\u306a\u306e\u3067\u6c17\u8efd\u306b\u30d5\u30a9\u30ed\u30fc\u3069\u3046\u305e\uff01(\u796d\u308a\u6642\u306f\u5916\u3057\u3066\u307e\u3059)\u3055\u3088\u306a\u3089\u306f\u30d6\u30ed\u30c3\u30af\u3067\u304a\u9858\u3044\u3057\u307e\u3059\u3002\r\n\r\n\u64ec\u4eba\u5316/DFF/\uff76\uff70\uff86\uff73\uff9e\uff67\uff99/APH/LD1/\u5546\u696dBL/\u6771\u65b9/\u30b3\u30b9/\u30e9\u30c6/\u304a\u7d75\u304b\u304d\u7b49", 
            "favourites_count": 54, 
            "follow_request_sent": null, 
            "followers_count": 162, 
            "following": null, 
            "friends_count": 163, 
            "geo_enabled": false, 
            "id": 168402715, 
            "id_str": "168402715", 
            "is_translator": false, 
            "lang": "ja", 
            "listed_count": 3, 
            "location": "\u5317\u306e\u56fd\u306e\u8150\u6d77\u304b\u3089", 
            "name": "\u305f\u305d", 
            "notifications": null, 
            "profile_background_color": "8B542B", 
            "profile_background_image_url": "http://a2.twimg.com/a/1301438647/images/themes/theme8/bg.gif", 
            "profile_background_tile": false, 
            "profile_image_url": "http://a2.twimg.com/profile_images/1287631780/_________normal.png", 
            "profile_link_color": "9D582E", 
            "profile_sidebar_border_color": "D9B17E", 
            "profile_sidebar_fill_color": "EADEAA", 
            "profile_text_color": "333333", 
            "profile_use_background_image": true, 
            "protected": false, 
            "screen_name": "taso_red", 
            "show_all_inline_media": true, 
            "statuses_count": 19816, 
            "time_zone": "Tokyo", 
            "url": null, 
            "utc_offset": 32400, 
            "verified": false
        }
    }, 
    {
        "contributors": null, 
        "coordinates": null, 
        "created_at": "Fri Apr 01 22:05:48 +0000 2011", 
        "favorited": false, 
        "geo": null, 
        "id": 53941156375040000, 
        "id_str": "53941156375040000", 
        "in_reply_to_screen_name": null, 
        "in_reply_to_status_id": null, 
        "in_reply_to_status_id_str": null, 
        "in_reply_to_user_id": null, 
        "in_reply_to_user_id_str": null, 
        "place": null, 
        "retweet_count": 0, 
        "retweeted": false, 
        "source": "<a href=\"http://www.echofon.com/\" rel=\"nofollow\">Echofon</a>", 
        "text": "Lol RT @JesusDidIt3: I should have stayed HOME!!! I ain't got time for GIRLS!!!", 
        "truncated": false, 
        "user": {
            "contributors_enabled": false, 
            "created_at": "Tue Jan 05 07:16:45 +0000 2010", 
            "default_profile": false, 
            "default_profile_image": false, 
            "description": "whoooosssseeeyou?\u2122 \r\n", 
            "favourites_count": 146, 
            "follow_request_sent": null, 
            "followers_count": 1198, 
            "following": null, 
            "friends_count": 564, 
            "geo_enabled": false, 
            "id": 101988812, 
            "id_str": "101988812", 
            "is_translator": false, 
            "lang": "en", 
            "listed_count": 78, 
            "location": "Atlanta, GA", 
            "name": "Ranesha Finley", 
            "notifications": null, 
            "profile_background_color": "50586b", 
            "profile_background_image_url": "http://a2.twimg.com/profile_background_images/226370379/200269_10150180898970774_775445773_8467827_174615_n.jpg", 
            "profile_background_tile": true, 
            "profile_image_url": "http://a3.twimg.com/profile_images/1289622843/ranesha89_normal.jpg", 
            "profile_link_color": "f2e608", 
            "profile_sidebar_border_color": "a35b71", 
            "profile_sidebar_fill_color": "1f1aa3", 
            "profile_text_color": "605a7a", 
            "profile_use_background_image": true, 
            "protected": false, 
            "screen_name": "ranesha89", 
            "show_all_inline_media": false, 
            "statuses_count": 13785, 
            "time_zone": "Eastern Time (US & Canada)", 
            "url": null, 
            "utc_offset": -18000, 
            "verified": false
        }
    }
]
